species,n_reg,cx,cy,elongacion,max_dist_m,clase_id,clase_lbl,radio_km,radio_m,flag_elongada
Acraea tenebrarum,5,702268.1515832664,9545060.704379357,5.939572077318485,46671.94011059778,4,<= 100 km,100,100000,TRUE
Adenostemma fosbergii,5,759303.1532533558,9536274.018193403,4.030360489480501,92158.01542938182,4,<= 100 km,100,100000,TRUE
Adenostemma lavenia,5,762301.0602483731,9557299.388561487,5.738165568997098,41585.34623718567,4,<= 100 km,100,100000,TRUE
Aegiphila cordata,5,785216.4612325598,9589177.961614719,52.20334923897959,21916.91220693195,4,<= 100 km,100,100000,TRUE
Alsophila engelii,5,708358.4484490635,9516467.537416615,9.971421586689727,44711.32568578784,4,<= 100 km,100,100000,TRUE
Anadenanthera colubrina,5,698183.5448834789,9533928.46339805,5.8464288187681355,2865.4318494595327,4,<= 100 km,100,100000,TRUE
Anthurium andraeanum,5,705794.1364171683,9518913.204290302,16.065662981785085,38793.86853852234,4,<= 100 km,100,100000,TRUE
Baskervilla assurgens,5,763963.0797239565,9545109.495789025,19.78593694924265,36054.84051580897,4,<= 100 km,100,100000,TRUE
Baskervilla auriculata,5,728093.7622880117,9521069.645974789,23.18562469444225,67116.00645254331,4,<= 100 km,100,100000,TRUE
Bidens alba,5,700571.3448200109,9553463.23575224,4.030810720293664,12211.015193926964,4,<= 100 km,100,100000,TRUE
Boana appendiculata,5,761670.7444644264,9536142.273355985,4.8439151359604615,75452.92254684615,4,<= 100 km,100,100000,TRUE
Bothriochloa campii,5,696317.8562668652,9567628.854676733,11.680351218373566,3309.943504030735,4,<= 100 km,100,100000,TRUE
Brachyotum confertum,5,707243.7878427741,9563956.959592555,4.493360034469807,100339.14442924203,4,<= 100 km,100,100000,TRUE
Breutelia tomentosa,5,709141.3186901204,9535226.69566668,7.186812773939688,46140.257496657425,4,<= 100 km,100,100000,TRUE
Cantua pyrifolia,5,703579.9724451344,9518436.124751221,4.34602548378233,27987.254134790186,4,<= 100 km,100,100000,TRUE
Catasticta susiana,5,707289.9241815256,9534980.219609361,5.292408322598754,38104.69935177958,4,<= 100 km,100,100000,TRUE
Choeradodis columbica,5,709262.7859733977,9520641.431179294,8.089765864326951,40358.11339804665,4,<= 100 km,100,100000,TRUE
Cinchona lucumifolia,5,704659.1824868518,9559501.108105477,9.756795516106914,11129.288077438441,4,<= 100 km,100,100000,TRUE
Clusia androphora,5,786329.7515118289,9607193.825583838,7.602868324538341,4832.530909066735,4,<= 100 km,100,100000,TRUE
Columnea katzensteiniae,5,711376.3545300275,9543236.865150522,5.607395051474967,73031.48631376495,4,<= 100 km,100,100000,TRUE
Coriandrum sativum,5,698057.4703740905,9563412.81203357,6.058435717653541,14643.543815259192,4,<= 100 km,100,100000,TRUE
Costus asplundii,5,766462.1921234196,9572687.048207296,6.646961480183224,43381.61985417238,4,<= 100 km,100,100000,TRUE
Coussarea longiflora,5,760715.0034089771,9512621.819554666,5.452792383695287,13872.085262605919,4,<= 100 km,100,100000,TRUE
Cyathea carolihenrici,5,709500.8396850269,9539641.15953945,9.401043881930363,31860.122439006613,4,<= 100 km,100,100000,TRUE
Cyathea mucilagina,5,761410.5686053432,9531691.838749804,4.902394371062092,14952.269311750517,4,<= 100 km,100,100000,TRUE
Cybistax antisyphilitica,5,711080.2694812102,9473771.765305072,6.169980769612073,85189.80882338295,4,<= 100 km,100,100000,TRUE
Cymatoderma caperatum,5,701828.4029670024,9547905.957562944,9.141925551069047,21394.841674606752,4,<= 100 km,100,100000,TRUE
Cynoglossum amabile,5,713788.9529192693,9520640.258491827,4.133307975660717,74447.80556364311,4,<= 100 km,100,100000,TRUE
Cyperus tabina,5,706461.5374720704,9538469.40015345,28.700019137659194,34302.084596833236,4,<= 100 km,100,100000,TRUE
Diaethria neglecta,5,713960.4339618287,9530202.315778853,5.252178769189056,43477.59747911641,4,<= 100 km,100,100000,TRUE
Dioclea virgata,5,702959.3338703439,9450543.70712686,21.438465369931755,18168.209296867644,4,<= 100 km,100,100000,TRUE
Diplazium andinum,5,781901.5010572926,9582167.038030881,7.180601313284936,84308.43267598462,4,<= 100 km,100,100000,TRUE
Elaphoglossum huacsaro,5,706763.513032379,9524925.942871174,43.813842052984064,33091.76097084199,4,<= 100 km,100,100000,TRUE
Elaphoglossum raywaense,5,761154.3640820106,9535881.268785637,10.099970268282867,53884.970710793066,4,<= 100 km,100,100000,TRUE
Elaphoglossum trivittatum,5,708921.3293613197,9514315.05487899,8.044493156862467,44537.19999915146,4,<= 100 km,100,100000,TRUE
Elaphoglossum vulcanicum,5,707470.3214490877,9515045.062465962,10.456671377044074,44616.46405145639,4,<= 100 km,100,100000,TRUE
Epidendrum alpicola,5,706485.6604972023,9539368.710078567,8.897845082058879,28317.395285936393,4,<= 100 km,100,100000,TRUE
Epidendrum fritzianum,5,709485.9088165304,9524580.16999923,8.728431439093074,70682.16445884353,4,<= 100 km,100,100000,TRUE
Eretris apuleja,5,705833.5769930643,9545082.10069827,6.115726326535025,28680.657246791103,4,<= 100 km,100,100000,TRUE
Erythrolamprus fraseri,5,702330.3455518191,9527748.161460785,7.073343707268829,23844.345742738613,4,<= 100 km,100,100000,TRUE
Euclysia NA,5,722409.7140902412,9530441.58677332,4.766597172106983,68175.6142888292,4,<= 100 km,100,100000,TRUE
Eumastax rubriventris,5,759292.4095738799,9537613.035682239,83.60764523094281,69513.86315062277,4,<= 100 km,100,100000,TRUE
Euryglottis aper,5,709773.2330231406,9520080.707722902,12.34550246017932,41002.248019876104,4,<= 100 km,100,100000,TRUE
Evodianthus funifer,5,777097.1464289257,9613417.094355058,5.4296775449523444,10246.4094159238,4,<= 100 km,100,100000,TRUE
Faramea miconioides,5,722654.4371371215,9529082.244562129,5.6104402034127085,83922.29663033993,4,<= 100 km,100,100000,TRUE
Fragaria vesca,5,701877.3995874126,9538738.890199685,8.263339716941296,40006.84133329836,4,<= 100 km,100,100000,TRUE
Galeottia acuminata,5,724472.5325212303,9536293.792008478,5.129030732575267,88548.94192046508,4,<= 100 km,100,100000,TRUE
Gaultheria amoena,5,710442.7782235538,9532057.759475129,13.999419511749648,72119.81140566146,4,<= 100 km,100,100000,TRUE
Glaucis hirsutus,5,759120.4794413715,9552545.38257794,9.123434312249692,23352.68748588042,4,<= 100 km,100,100000,TRUE
Goeppertia altissima,5,762660.2935891607,9548306.601080814,7.1589559077248035,70658.8157317021,4,<= 100 km,100,100000,TRUE
Guzmania foetida,5,760981.3567202596,9524704.44936208,5.456954588377809,5137.068837837983,4,<= 100 km,100,100000,TRUE
Hamelia macrantha,5,757310.2828923528,9528974.97053353,110.26964396843181,6159.30185325861,4,<= 100 km,100,100000,TRUE
Heisteria megalophylla,5,760240.6560109103,9536095.226731554,35.939510597628896,39866.1166782571,4,<= 100 km,100,100000,TRUE
Humiriastrum diguense,5,761554.5197920359,9529775.749509605,36.99908293973065,10520.570387472231,4,<= 100 km,100,100000,TRUE
Hyperbaena domingensis,5,713764.0714904133,9568681.968955817,11.446132780216972,34396.607259622804,4,<= 100 km,100,100000,TRUE
Inga lallensis,5,776329.6970913492,9597096.904253608,4.004609503966453,46715.19687631784,4,<= 100 km,100,100000,TRUE
Inga macrophylla,5,767113.1423557155,9578113.274674386,5.51047058385059,56169.36018939033,4,<= 100 km,100,100000,TRUE
Inga ornata,5,718495.9119862663,9502090.296327574,10.413223976789041,108334.57627872532,4,<= 100 km,100,100000,TRUE
Krapfia gusmanii,5,709452.3829803892,9514966.52113785,4.836540476228391,1576.3523889706487,4,<= 100 km,100,100000,TRUE
Lellingeria simacensis,5,710014.1001757624,9539853.962084869,6.853703045144546,30278.599954285015,4,<= 100 km,100,100000,TRUE
Lepanthes biloba,5,703900.2896490886,9537638.872757968,5.745122523138275,21019.281816938324,4,<= 100 km,100,100000,TRUE
Lepanthes contingens,5,706401.2676835731,9521560.761303727,21.52315478314707,38294.61873639654,4,<= 100 km,100,100000,TRUE
Lepanthes dalessandroi,5,710714.7134347529,9529664.098538855,4.15762666281796,32566.88998576225,4,<= 100 km,100,100000,TRUE
Lepanthes fusiformis,5,705178.6060188512,9507653.167422222,4.486644145304884,11012.061453304286,4,<= 100 km,100,100000,TRUE
Lepanthes ictalurus,5,705501.5365514333,9529736.00270634,26.936174938520512,30144.165893492784,4,<= 100 km,100,100000,TRUE
Leucaena leucocephala,5,703907.4916639305,9524232.763971373,6.537328481698533,50519.1071696193,4,<= 100 km,100,100000,TRUE
Lindsaea taeniata,5,759001.4758425492,9524698.414322568,70.98478224854134,3305.4179790307467,4,<= 100 km,100,100000,TRUE
Lymanbensonia brevispina,5,703959.8542689926,9539121.094018633,4.2194376499769675,4016.3438180441995,4,<= 100 km,100,100000,TRUE
Lysimachia arvensis,5,700257.0854257433,9553769.925887419,5.669463428720895,14913.521134764611,4,<= 100 km,100,100000,TRUE
Macromitrium podocarpi,5,712046.3665445026,9551653.22898456,9.518548577272794,12224.79097978375,4,<= 100 km,100,100000,TRUE
Maxillaria cordyline,5,698847.8819157324,9567122.767121028,4.480714088382524,147.70401567215828,4,<= 100 km,100,100000,TRUE
Maxillaria pastensis,5,710972.9201332832,9552837.313256508,6.863761765986824,42156.28451720149,4,<= 100 km,100,100000,TRUE
Medicago lupulina,5,699011.4424730405,9546806.351616433,10.9632008152153,31655.52668437113,4,<= 100 km,100,100000,TRUE
Meteorium deppei,5,765921.7830882539,9582281.775419291,5.658568166181692,37967.65409287771,4,<= 100 km,100,100000,TRUE
Miconia bracteolata,5,711299.7609102168,9551706.872468285,6.687086850632615,64424.260147760615,4,<= 100 km,100,100000,TRUE
Miconia splendens,5,720674.8478514506,9538338.420268312,4.294143393851603,45709.109855249706,4,<= 100 km,100,100000,TRUE
Mikania granulata,5,704988.1230162301,9535163.60136944,9.154120357420535,20037.314846918518,4,<= 100 km,100,100000,TRUE
Monnina cuspidata,5,709425.0743948277,9541792.629180636,4.737551215397813,30150.453736510764,4,<= 100 km,100,100000,TRUE
Morella parvifolia,5,697245.4225405653,9562008.823572243,4.982000675700413,49937.12639851346,4,<= 100 km,100,100000,TRUE
Mucura globulifera,5,711623.8312154775,9549875.092874024,6.26065974881499,43409.16021018538,4,<= 100 km,100,100000,TRUE
Munnozia campii,5,705477.0843625411,9543985.737655643,7.944824416282086,28943.203099968516,4,<= 100 km,100,100000,TRUE
Myrcia microphylla,5,713042.9343936873,9560972.454256233,5.1096867224126346,3951.50372097059,4,<= 100 km,100,100000,TRUE
Myrcia multiflora,5,715044.9473232577,9528789.277440822,6.137078109730351,63315.11649764256,4,<= 100 km,100,100000,TRUE
Neda boliviana,5,699110.2655139421,9556427.606631117,4.3607192385992155,10798.300619293992,4,<= 100 km,100,100000,TRUE
Nerium oleander,5,699411.0499678623,9557864.767468872,4.131325923543743,4902.372290405825,4,<= 100 km,100,100000,TRUE
Ocotea aligra,5,719096.0387762574,9527939.61994096,7.114242712323738,50116.13326945463,4,<= 100 km,100,100000,TRUE
Ocotea insularis,5,729837.3477973152,9523118.132892536,9.392763818196869,33847.69637223808,4,<= 100 km,100,100000,TRUE
Oecetis bidigitata,5,726126.7816166927,9546000.226970002,5.470813704960096,1395.3883120664468,4,<= 100 km,100,100000,TRUE
Orthoclada laxa,5,761659.9759295104,9543834.867866406,6.138606145785286,62187.00921742774,4,<= 100 km,100,100000,TRUE
Paepalanthus meridensis,5,709404.1052223343,9530720.32326728,4.756571040997098,31035.395550088877,4,<= 100 km,100,100000,TRUE
Palicourea andaluciana,5,709414.2230397904,9531841.45642072,9.090033432710625,31496.60947645478,4,<= 100 km,100,100000,TRUE
Palicourea conferta,5,764260.9848059327,9550575.339788646,9.401149906794435,64390.59237589768,4,<= 100 km,100,100000,TRUE
Palicourea subfusca,5,761290.0315262282,9519610.277181694,43.45215610553624,20464.01678297108,4,<= 100 km,100,100000,TRUE
Panopsis roldosii,5,710753.3845227773,9560912.128690243,12.626498688353276,7571.302947759821,4,<= 100 km,100,100000,TRUE
Paragonia NA,5,725135.3690162718,9544919.251677265,4.21941698524804,1076.4430690955996,4,<= 100 km,100,100000,TRUE
Parajubaea cocoides,5,698745.6576237011,9556794.818084974,5.131293930648541,9308.212095114866,4,<= 100 km,100,100000,TRUE
Pentacalia hitchcockii,5,707524.0820359482,9528923.742733642,5.572999991811165,32352.933399328143,4,<= 100 km,100,100000,TRUE
Peperomia pseudorhynchophoros,5,759924.7817640515,9530710.677843211,19.554146029029774,1469.6958256010687,4,<= 100 km,100,100000,TRUE
Peperomia quaesita,5,710544.0538526389,9560302.417993626,4.046341446136387,4236.898534759293,4,<= 100 km,100,100000,TRUE
Peperomia retusa,5,705762.8726249618,9545512.651266718,5.4068992307205335,41324.22046549423,4,<= 100 km,100,100000,TRUE
Peperomia tropeoloides,5,706845.7888890266,9531847.195067257,4.982370426003738,16933.189530565673,4,<= 100 km,100,100000,TRUE
Pharus lappulaceus,5,727540.9155936029,9531861.492864858,359.5285279001994,66445.45775750604,4,<= 100 km,100,100000,TRUE
Phaseolus lunatus,5,700695.287438344,9546727.954285331,6.565777597258107,27926.184482274155,4,<= 100 km,100,100000,TRUE
Phlegmariurus subulata,5,706506.2932737101,9544750.912626885,9.137816578953151,36886.639551621585,4,<= 100 km,100,100000,TRUE
Pholidobolus macbrydei,5,701530.3598886213,9537171.37104404,4.503307680800894,72599.00826532535,4,<= 100 km,100,100000,TRUE
Pilosium chlorophyllum,5,763010.0009897491,9562128.040134761,9.809721659823465,32283.75673387987,4,<= 100 km,100,100000,TRUE
Plagiochila aerea,5,711605.8316100707,9550261.862365134,4.689716590026769,38874.70479173527,4,<= 100 km,100,100000,TRUE
Pleurothallis alveolata,5,727288.6723431962,9526422.339465775,6.269533874487638,78488.05566294242,4,<= 100 km,100,100000,TRUE
Pourouma montana,5,725245.6085340877,9509993.211597487,6.153902974543708,62364.92391851577,4,<= 100 km,100,100000,TRUE
Prescottia lojana,5,708855.918371993,9542962.281484667,8.027654867198647,61398.303103063685,4,<= 100 km,100,100000,TRUE
Pristimantis nanus,5,790798.5843148521,9610678.008321172,29.650397454709633,1525.2193869313837,4,<= 100 km,100,100000,TRUE
Psiguria triphylla,5,713669.6660785466,9515467.01242293,5.485898730233952,84188.42605518905,4,<= 100 km,100,100000,TRUE
Psychotria ostreophora,5,764983.4663026932,9539889.287257783,4.060680318516507,62692.261334257506,4,<= 100 km,100,100000,TRUE
Rhauculus lojanus,5,702370.064362646,9539665.310040059,13.33055624293324,54016.51156945388,4,<= 100 km,100,100000,TRUE
Rhionaeschna biliosa,5,705457.9684923942,9535647.554209854,11.198110186008655,32888.24221229138,4,<= 100 km,100,100000,TRUE
Rostkovia magellanica,5,687857.8220110083,9491709.44174849,6.812096991403377,30407.823343535238,4,<= 100 km,100,100000,TRUE
Rudgea spinigemma,5,759258.7142823178,9510487.820565963,35.22435171940616,10148.627757876904,4,<= 100 km,100,100000,TRUE
Ryania speciosa,5,769246.483646844,9576340.493939724,4.133927701404007,54369.31156552198,4,<= 100 km,100,100000,TRUE
Sapium stylare,5,730519.8509299479,9510102.83346543,14.460332378676032,62101.409410794404,4,<= 100 km,100,100000,TRUE
Scaphyglottis aurea,5,707571.1332212115,9501048.49887028,5.7600456404191585,5657.9607218358105,4,<= 100 km,100,100000,TRUE
Sciodaphyllum acuminatum,5,704857.6802435772,9542081.45444044,5.03755917266846,34329.24018706765,4,<= 100 km,100,100000,TRUE
Selaginella acanthostachys,5,707561.8705411104,9526869.397198167,30.509438703437105,32612.72562477233,4,<= 100 km,100,100000,TRUE
Senecio iscoensis,5,702352.671618366,9540235.240357986,4.298584565209545,36470.1752270581,4,<= 100 km,100,100000,TRUE
Serpocaulon subandinum,5,705769.1646394811,9541906.564850226,5.920264492183427,34064.167203826815,4,<= 100 km,100,100000,TRUE
Solanum brevifolium,5,706419.6700411515,9545783.60975299,4.591462386499432,28841.185231688905,4,<= 100 km,100,100000,TRUE
Solanum maturecalvans,5,709096.6550176707,9551845.342767194,4.9785588848622355,38352.4035335708,4,<= 100 km,100,100000,TRUE
Solanum nigrescens,5,711585.5940116645,9528312.156317635,6.456221180335905,84644.79079815841,4,<= 100 km,100,100000,TRUE
Solanum stramonifolium,5,764602.7901161689,9557567.239085078,5.250400088326409,62990.57878551059,4,<= 100 km,100,100000,TRUE
Sphagnum sparsum,5,706825.2720631221,9532577.190652845,9.973422022296848,19587.524289287583,4,<= 100 km,100,100000,TRUE
Stelis fabulosa,5,703837.1966178092,9552822.79451791,5.195324753951672,6842.943416098142,4,<= 100 km,100,100000,TRUE
Sterculia rebeccae,5,760736.7934184979,9536199.726509603,4.681299848585639,57449.87985267582,4,<= 100 km,100,100000,TRUE
Styrax loxensis,5,703474.8993244368,9549165.068502083,9.203089494163985,2917.9548144024075,4,<= 100 km,100,100000,TRUE
Symplocos apiciflora,5,703462.8247154742,9547774.084663609,9.146303834590903,3031.5982784952585,4,<= 100 km,100,100000,TRUE
Toxomerus nasutus,5,701181.3870982849,9553307.136289597,4.304687898031659,1542.7031838017454,4,<= 100 km,100,100000,TRUE
Urera simplex,5,760267.9406689083,9519936.297274455,9.39314827823544,17566.67266752649,4,<= 100 km,100,100000,TRUE
Valeriana aretioides,5,704510.0937719875,9564194.532827977,4.011658812448481,73674.99094228237,4,<= 100 km,100,100000,TRUE
Vriesea cylindrica,5,706677.6385686981,9535464.55806519,6.9239615449219585,81135.20496605785,4,<= 100 km,100,100000,TRUE
Weinmannia stenocarpa,5,704452.2875926795,9529011.881812945,8.795099350365764,25548.48011420055,4,<= 100 km,100,100000,TRUE
Xanthosoma nangaritzense,5,763531.1407528085,9557013.45187075,6.349263751714033,40070.18641364515,4,<= 100 km,100,100000,TRUE
Adiantum poiretii,6,701923.267079273,9546220.376893438,4.725853887155792,29141.683361514304,4,<= 100 km,100,100000,TRUE
Alansmia laxa,6,704796.4737739596,9551529.586293403,4.410179326875126,10178.426389731681,4,<= 100 km,100,100000,TRUE
Albizia niopoides,6,719035.2411350496,9448091.980213515,8.768197720057508,13660.03201986192,4,<= 100 km,100,100000,TRUE
Alchisme bos,6,699769.4500976154,9553460.660799112,9.203685055708483,3023.9074764246575,4,<= 100 km,100,100000,TRUE
Alchisme grossa,6,700557.6861883342,9549323.718751546,5.824974334554635,21625.47169275963,4,<= 100 km,100,100000,TRUE
Amauropelta oligocarpa,6,722438.4588766345,9549429.197587477,4.829018726372899,23701.62729375951,4,<= 100 km,100,100000,TRUE
Aniba coto,6,725401.3095509134,9506185.902892392,6.6871334306765275,60863.01254477806,4,<= 100 km,100,100000,TRUE
Anthurium gribii,6,710919.6185897067,9532981.356952254,7.757995942076357,30247.11250465075,4,<= 100 km,100,100000,TRUE
Anthurium nangaritense,6,759342.8680066877,9526682.083801685,10.623627374567326,6064.48828969748,4,<= 100 km,100,100000,TRUE
Aulonemia patula,6,700877.0867868986,9548072.909746975,6.034076774328471,27296.624482707164,4,<= 100 km,100,100000,TRUE
Austroeupatorium inulifolium,6,703185.3039055285,9541345.555796314,11.468186851055046,33467.65334476071,4,<= 100 km,100,100000,TRUE
Begonia maynensis,6,761785.1114567019,9531990.643488418,4.903476886774837,15310.783447308218,4,<= 100 km,100,100000,TRUE
Begonia rossmanniae,6,761964.5277997818,9529562.908272438,7.719136193245069,23155.370284398097,4,<= 100 km,100,100000,TRUE
Besleria quadrangulata,6,726598.366731204,9536857.171110576,31.651871406073163,47455.87629660752,4,<= 100 km,100,100000,TRUE
Carex bonplandii,6,704999.5505009699,9525580.984007884,13.456882262158171,40317.76255601528,4,<= 100 km,100,100000,TRUE
Centropogon jeppesenii,6,744608.1243797558,9548684.49295739,16.33627613773065,2040.9018327631252,4,<= 100 km,100,100000,TRUE
Ceroxylon echinulatum,6,711431.6929046172,9516110.39611663,4.327020999211179,45815.22858385688,4,<= 100 km,100,100000,TRUE
Chusquea aperta,6,707484.787645058,9505297.365526935,6.7776368151161535,15864.651683576352,4,<= 100 km,100,100000,TRUE
Cinnagrostis viridiflavescens,6,696173.2864291628,9566902.1202709,265.836550142906,7347.651273895507,4,<= 100 km,100,100000,TRUE
Clibadium surinamense,6,723180.3160933276,9515731.902623365,7.757578233030428,70189.61560735233,4,<= 100 km,100,100000,TRUE
Cortaderia hapalotricha,6,718661.097155665,9560604.210741676,7.212982045438779,111642.28388721638,4,<= 100 km,100,100000,TRUE
Cortaderia peruvianus,6,702260.082110733,9525410.329589957,7.519491557436516,45562.567496358904,4,<= 100 km,100,100000,TRUE
Cranichis ciliata,6,707855.4575294588,9550347.520466384,4.036273601785213,42925.14886426605,4,<= 100 km,100,100000,TRUE
Cyathea atahuallpa,6,706970.4263696623,9538827.552390132,10.223176955680195,36002.86301508143,4,<= 100 km,100,100000,TRUE
Cyrtochilum trifurcatum,6,707475.3988201214,9516307.133120805,76.11412734124607,43174.094516984325,4,<= 100 km,100,100000,TRUE
Dendrocygna bicolor,6,699489.200320241,9560516.133254424,4.632031136415933,1413.964889196003,4,<= 100 km,100,100000,TRUE
Deprea harlingiana,6,708039.5626547311,9526003.689728009,5.87297437971964,80939.74472022727,4,<= 100 km,100,100000,TRUE
Diabrotica speciosa,6,700458.2773999937,9542158.808345985,7.281081240867382,56794.86605411963,4,<= 100 km,100,100000,TRUE
Duranta erecta,6,700791.1427251295,9535651.430105742,7.612240180462867,89411.57138360749,4,<= 100 km,100,100000,TRUE
Echinochloa crus-galli,6,764178.6779449394,9588785.528066874,16.711438275234933,6106.678772805194,4,<= 100 km,100,100000,TRUE
Elaphoglossum notatum,6,716581.5735340244,9511436.107523136,4.184442137326764,48941.777954027,4,<= 100 km,100,100000,TRUE
Eleocharis bonariensis,6,707199.4740199172,9532772.100919375,14.621095391279397,28689.288331707256,4,<= 100 km,100,100000,TRUE
Eois golosata,6,706896.7442936643,9526510.083915396,5.0944591798969014,34183.91291107645,4,<= 100 km,100,100000,TRUE
Epidendrum recurvitepalostachyum,6,709335.7965557734,9537509.400707407,8.779791976416774,33329.49546891889,4,<= 100 km,100,100000,TRUE
Ergavia NA,6,723215.8411949043,9544928.781337706,12.813472587999835,9989.182397545785,4,<= 100 km,100,100000,TRUE
Euphorbia pulcherrima,6,699293.7449392425,9547421.90821759,15.76363657264485,15294.652848743535,4,<= 100 km,100,100000,TRUE
Eupodium laevis,6,710661.4185743257,9550344.534425395,10.555417594178648,47634.521087687994,4,<= 100 km,100,100000,TRUE
Fernandezia crystallina,6,709513.7377357095,9547315.522435902,8.731093905215731,56999.734461715925,4,<= 100 km,100,100000,TRUE
Ficus cervantesiana,6,725021.4334177871,9527534.183476597,7.251685008924352,72843.21068030372,4,<= 100 km,100,100000,TRUE
Goniopteris pinnatifida,6,759184.1158893228,9523551.680058489,9.660707264580868,6618.032681590825,4,<= 100 km,100,100000,TRUE
Heisteria austroecuadorica,6,713798.5231290682,9534923.53102808,4.030005714643716,64164.63824421415,4,<= 100 km,100,100000,TRUE
Hydrocotyle leucocephala,6,763512.46103779,9574023.57833585,25.62588688189627,29465.710891334715,4,<= 100 km,100,100000,TRUE
Ichnanthus nemorosus,6,710577.2915715547,9529678.70086322,4.282643250976775,78990.16987208372,4,<= 100 km,100,100000,TRUE
Incaspis simonsii,6,696890.9564468665,9541224.966860145,4.251556028470967,81007.67415741048,4,<= 100 km,100,100000,TRUE
Inga sapindoides,6,722253.2351886805,9518843.37142972,7.352674018363258,43133.695361976876,4,<= 100 km,100,100000,TRUE
Isertia krausei,6,715539.1980243255,9518183.511323344,4.352271330485256,71834.51473003071,4,<= 100 km,100,100000,TRUE
Lepanthes focalis,6,710763.1850896588,9532850.915021107,4.464800718879906,29894.24657679743,4,<= 100 km,100,100000,TRUE
Lepanthes intonsa,6,707588.8119559459,9544819.277289947,6.8016758328342926,51270.9958800826,4,<= 100 km,100,100000,TRUE
Lomaridium acutum,6,764224.7391459816,9551406.637913957,6.792181078315889,48938.762795078765,4,<= 100 km,100,100000,TRUE
Luehea paniculata,6,710361.4326750201,9451454.293456879,6.038869056582863,25577.687946234346,4,<= 100 km,100,100000,TRUE
Manettia trianae,6,705660.1431038133,9525709.875833511,7.077169715978165,35856.28060884734,4,<= 100 km,100,100000,TRUE
Masdevallia amaluzae,6,706155.7550427769,9501896.324944647,5.340308480061501,15502.001074970976,4,<= 100 km,100,100000,TRUE
Masdevallia setacea,6,705760.9809735907,9511578.138306713,25.54776519579575,47908.040923808876,4,<= 100 km,100,100000,TRUE
Miconia ampla,6,762747.246396161,9544915.163027085,6.283001529751431,40524.33546945645,4,<= 100 km,100,100000,TRUE
Miconia reburrosa,6,709838.7829792402,9557024.38614037,10.28450700605525,60276.65735296247,4,<= 100 km,100,100000,TRUE
Microbates cinereiventris,6,761423.1886249686,9535565.446670132,6.258955488757138,30993.19810494509,4,<= 100 km,100,100000,TRUE
Oxyura ferruginea,6,715549.1633061991,9603716.220907878,7.731277467905123,2841.4893986936736,4,<= 100 km,100,100000,TRUE
Pachyramphus xanthogenys,6,709875.2659363498,9462323.149626313,7.179922379280917,34598.067955565806,4,<= 100 km,100,100000,TRUE
Palicourea gomezii,6,759992.7353157987,9526914.95032875,9.54435288922031,4097.489523236203,4,<= 100 km,100,100000,TRUE
Pappobolus acuminatus,6,697622.6084622664,9539212.260758504,5.932001138748023,33056.917727798544,4,<= 100 km,100,100000,TRUE
Parasteatoda tepidariorum,6,698397.9202735203,9555694.413889162,5.505801140514514,5814.086807719689,4,<= 100 km,100,100000,TRUE
Parodiophyllochloa pantrichum,6,726326.0329827234,9534253.801354896,23.993213538129524,68845.21479442905,4,<= 100 km,100,100000,TRUE
Persea sericea,6,705670.8623425418,9538047.428748313,10.168313986541841,33493.48585125725,4,<= 100 km,100,100000,TRUE
Phlegmariurus hastata,6,688185.8013604936,9492524.075929174,6.45104144359676,30560.708312445844,4,<= 100 km,100,100000,TRUE
Pityeja histrionaria,6,707313.3310930305,9521970.86801266,5.2362150527026605,38566.73542386435,4,<= 100 km,100,100000,TRUE
Pleopeltis fraseri,6,707971.5292777496,9560320.61868125,5.313861105979363,5348.783267444154,4,<= 100 km,100,100000,TRUE
Pleurothallis restrepioides,6,708524.350221706,9513386.6400617,9.728353705194765,47610.283105013375,4,<= 100 km,100,100000,TRUE
Pleurothyrium bilocellatum,6,762333.9214641267,9513765.748411983,58.44454176571504,28244.103929175424,4,<= 100 km,100,100000,TRUE
Prionodon fuscolutescens,6,703737.6667767364,9529081.38219634,18.14896328771056,21204.85991291448,4,<= 100 km,100,100000,TRUE
Pristimantis sternothylax,6,712569.1493314579,9553093.84342974,35.72229463856021,58785.26833158564,4,<= 100 km,100,100000,TRUE
Psarocolius oseryi,6,761400.0347864944,9528908.378742177,5.102348747575402,4146.603410892277,4,<= 100 km,100,100000,TRUE
Pteris grandifolia,6,718745.8552439559,9486904.263362521,7.4630577818606225,65580.85857911757,4,<= 100 km,100,100000,TRUE
Pterozonium reniforme,6,761566.9717323733,9541307.702343758,4.052323433091583,59006.74715647915,4,<= 100 km,100,100000,TRUE
Scaphosepalum triceratops,6,707190.8887409086,9514374.124402665,16.123218393986384,46053.892926377324,4,<= 100 km,100,100000,TRUE
Sisyrinchium micranthum,6,701513.6231450329,9539045.692376254,5.404253830252876,42937.85549674098,4,<= 100 km,100,100000,TRUE
Spathiphyllum minus,6,759969.4449287134,9530919.695226178,5.140732857570992,9481.69032081936,4,<= 100 km,100,100000,TRUE
Spathiphyllum patulinervum,6,760072.0218698155,9532906.3487476,5.412713725441719,7260.737126231318,4,<= 100 km,100,100000,TRUE
Sphagnum sancto-josephense,6,707940.3768783185,9561272.673585083,4.177310049732433,1167.235035436301,4,<= 100 km,100,100000,TRUE
Sporobolus purpurascens,6,697939.6551909582,9530016.523690633,8.966754923647159,68428.19174731929,4,<= 100 km,100,100000,TRUE
Stelis braccata,6,707189.3332024394,9527352.696590237,4.762458592064597,34765.994428046506,4,<= 100 km,100,100000,TRUE
Stelis brevilabris,6,705385.6813432699,9536228.014150925,5.97649916783618,21947.74450476703,4,<= 100 km,100,100000,TRUE
Stelis laevigata,6,708823.7617204715,9535186.677926619,12.586546502247888,69827.0739469705,4,<= 100 km,100,100000,TRUE
Tara spinosa,6,698593.1847216983,9543624.280615013,7.3172319874696035,26504.540981149035,4,<= 100 km,100,100000,TRUE
Terpsichore chrysleri,6,721813.6865819484,9526487.289529469,4.785122222553971,36030.92446619168,4,<= 100 km,100,100000,TRUE
Thamnophilus murinus,6,760595.7252963614,9536828.18934116,21.68692670290601,47580.99257492626,4,<= 100 km,100,100000,TRUE
Trachypogon montufarii,6,702263.6632591297,9531245.873513378,4.196043213342519,62324.64790859669,4,<= 100 km,100,100000,TRUE
Trichostigma peruvianum,6,760035.6952735776,9530142.50988707,11.870099762422386,55202.519992929956,4,<= 100 km,100,100000,TRUE
Ageratina exsertovenosa,7,704866.7007345691,9521893.074837172,5.396313102927515,41111.50418069022,4,<= 100 km,100,100000,TRUE
Archonias brassolis,7,720230.6511051083,9530844.083341483,4.021179233681474,58147.65635192337,4,<= 100 km,100,100000,TRUE
Cardamine jamesonii,7,705808.191779776,9530596.890196156,5.474353296585074,18005.311178620497,4,<= 100 km,100,100000,TRUE
Corades iduna,7,704094.8177201748,9523400.011245983,5.671664450930187,25493.669126613273,4,<= 100 km,100,100000,TRUE
Cucurbita ficifolia,7,701517.5640085327,9547041.950560939,8.39306910168284,31785.853805108673,4,<= 100 km,100,100000,TRUE
Cyathea amazonica,7,760343.8173211719,9530520.912188288,4.851678089463593,10659.629415445175,4,<= 100 km,100,100000,TRUE
Cyathea brucei,7,759213.4709718752,9521070.996826993,5.8114046198412215,19073.78845633466,4,<= 100 km,100,100000,TRUE
Dendrocolaptes certhia,7,762568.5552331569,9550653.951146832,9.357283067734668,39981.597026766154,4,<= 100 km,100,100000,TRUE
Dendrophthora densifolia,7,705003.8111682439,9512860.742754305,11.331537929323629,35599.741233849134,4,<= 100 km,100,100000,TRUE
Digonodes NA,7,706498.6626868466,9546679.262604399,4.797697462169494,31176.182739441014,4,<= 100 km,100,100000,TRUE
Dipsas palmeri,7,714453.8923514369,9534370.118957039,5.14246051496316,72089.13338351413,4,<= 100 km,100,100000,TRUE
Elleanthus flavescens,7,711248.0077866798,9546027.256705102,14.17042919480272,58973.30918502755,4,<= 100 km,100,100000,TRUE
Epidendrum pseudoglobiflorum,7,704697.5718738324,9552110.112909125,4.505832656269571,7565.156670986954,4,<= 100 km,100,100000,TRUE
Geissanthus ambigua,7,721086.3350105648,9509745.727463687,4.0495292973040264,78930.58628126509,4,<= 100 km,100,100000,TRUE
Hieracium jubatum,7,707411.8979775532,9530525.894499527,8.560536170868366,27861.94724926009,4,<= 100 km,100,100000,TRUE
Hyloscirtus condor,7,742174.080676381,9490961.522531366,5.015130319423642,6964.521245372052,4,<= 100 km,100,100000,TRUE
Ilex hualgayoca,7,705065.7860819628,9525522.430037607,7.749222475122649,22990.53075414854,4,<= 100 km,100,100000,TRUE
Jamesonia blepharum,7,715905.5168639551,9546903.387691434,8.019468524677396,31157.05686324465,4,<= 100 km,100,100000,TRUE
Klaprothia mentzelioides,7,711305.8461968934,9536319.253254782,7.901332259363768,33710.91703198514,4,<= 100 km,100,100000,TRUE
Krukoviella disticha,7,761499.4421852074,9545316.80883917,42.41340499201649,7828.919725191822,4,<= 100 km,100,100000,TRUE
Lachemilla fulvescens,7,714163.1063722367,9572114.795103073,9.015989558492096,82804.4019704233,4,<= 100 km,100,100000,TRUE
Lomaridium fuscosquamosum,7,705639.498780036,9535610.164072115,14.17623817421982,27780.54197864565,4,<= 100 km,100,100000,TRUE
Macropholidus annectens,7,701037.5878295265,9549699.09848322,8.483257918668283,39364.789797689766,4,<= 100 km,100,100000,TRUE
Maxillaria arbuscula,7,712709.6035978467,9515078.039099474,4.0490561510419205,69953.59754602588,4,<= 100 km,100,100000,TRUE
Maxillaria brevifolia,7,719341.1991718807,9514369.006466694,4.871266992707858,67545.00755657692,4,<= 100 km,100,100000,TRUE
Melpomene occidentalis,7,706137.3819071356,9548091.74349748,6.529975612395302,33171.630822602725,4,<= 100 km,100,100000,TRUE
Miconia chionophila,7,707519.6150226399,9531694.502863228,6.0005769098991815,17205.386268638587,4,<= 100 km,100,100000,TRUE
Miconia salicifolia,7,706767.8629913217,9542722.062693598,4.3261533430896995,29927.847882564147,4,<= 100 km,100,100000,TRUE
Mikania brachyphylla,7,705346.8571435387,9553240.36247581,7.778704348815773,38173.28287553326,4,<= 100 km,100,100000,TRUE
Myiothlypis fraseri,7,702514.4248180581,9533650.791328203,4.12453625739739,28916.76333996963,4,<= 100 km,100,100000,TRUE
Myrcia lojensis,7,704323.1176756707,9542329.113968894,6.05888578622376,27491.304679081673,4,<= 100 km,100,100000,TRUE
Myrcianthes discolor,7,716505.9609339158,9556547.16223965,4.448126243127733,73287.6259749303,4,<= 100 km,100,100000,TRUE
Naucleopsis ulei,7,770031.5881347827,9558346.068491986,4.43670518273622,53606.45825880488,4,<= 100 km,100,100000,TRUE
Ocotea depilis,7,713271.7918309836,9553872.479298806,9.374561351541226,40680.917336528786,4,<= 100 km,100,100000,TRUE
Oxalis tabaconasensis,7,703771.1055260925,9523582.47268725,4.114052994348204,28743.488641163953,4,<= 100 km,100,100000,TRUE
Persea rigens,7,730285.2060306298,9506856.404040903,12.575677529686093,41606.17609418151,4,<= 100 km,100,100000,TRUE
Philodendron pulchrum,7,765503.2692964006,9563573.065018915,6.834201758161118,44188.117615282485,4,<= 100 km,100,100000,TRUE
Phoradendron ambiguum,7,705683.7677249702,9536532.762156062,4.530597673971384,23490.09374838052,4,<= 100 km,100,100000,TRUE
Pleurothallis hemirhoda,7,715170.8398383381,9517429.617999094,4.353558864906302,56530.93329217391,4,<= 100 km,100,100000,TRUE
Pleurothallis tobarii,7,707563.4910147464,9500604.752390731,5.630938743658494,5214.242199208616,4,<= 100 km,100,100000,TRUE
Prosthechea hartwegii,7,714087.3570655526,9545161.141927723,4.59632278348942,69439.4802408342,4,<= 100 km,100,100000,TRUE
Puya maculata,7,706227.7173346005,9521534.867237488,8.036617678050446,30588.37089950654,4,<= 100 km,100,100000,TRUE
Puya parviflora,7,701886.40706813,9537378.384016817,4.207564322986089,22290.94497504645,4,<= 100 km,100,100000,TRUE
Roupala pachypoda,7,703190.615608495,9527852.257714273,4.333351278697403,35381.769821957365,4,<= 100 km,100,100000,TRUE
Selaginella moritziana,7,706671.229024422,9526319.517431082,5.976175430468239,22358.725959370608,4,<= 100 km,100,100000,TRUE
Sisyrinchium tinctorium,7,705148.4973313551,9544242.398031011,4.084116732011527,32746.850643796257,4,<= 100 km,100,100000,TRUE
Solanum antisuyo,7,707961.4055373266,9513057.895960676,5.071229697896734,49368.81432881433,4,<= 100 km,100,100000,TRUE
Stelis rosamariae,7,705662.028197337,9529213.147344185,8.026852972600436,31347.20249591218,4,<= 100 km,100,100000,TRUE
Stellaria recurvata,7,706135.0588431952,9530523.951069195,5.930014020945252,18098.96196453392,4,<= 100 km,100,100000,TRUE
Symbolanthus macranthus,7,705240.0914667625,9516142.79783166,4.788643706652509,30014.404810531116,4,<= 100 km,100,100000,TRUE
Symplocos vanderwerffii,7,786674.0231026073,9604035.334506145,29.172366426802164,1847.7355272462141,4,<= 100 km,100,100000,TRUE
Tanacetum parthenium,7,699687.8403066276,9554313.027517708,4.217733863052068,5129.009012044509,4,<= 100 km,100,100000,TRUE
Tillandsia usneoides,7,704633.0563333508,9558831.549292391,9.498744533986176,31747.839507150253,4,<= 100 km,100,100000,TRUE
Trichomanes bicorne,7,758331.9385846612,9526859.126541695,4.243751145380796,4437.523680328529,4,<= 100 km,100,100000,TRUE
Uncaria tomentosa,7,763293.2124479323,9530687.41597169,7.455993089704883,68675.46008104636,4,<= 100 km,100,100000,TRUE
Valeriana tatamana,7,706915.958980161,9525255.118846139,6.072294172712881,23446.855447758022,4,<= 100 km,100,100000,TRUE
Vallea ecuadorensis,7,704283.815116733,9530274.564780237,24.21391864979089,24267.485845504532,4,<= 100 km,100,100000,TRUE
Vasconcellea monoica,7,708364.4956593863,9510373.936195455,4.614201878554046,100865.8077146585,4,<= 100 km,100,100000,TRUE
Vasconcellea pubescens,7,700981.9065582941,9546114.10795213,7.997439369227908,27821.71183285112,4,<= 100 km,100,100000,TRUE
Verbesina pentantha,7,703145.4106626807,9549658.383553784,7.773560914754957,45403.62199176841,4,<= 100 km,100,100000,TRUE
Andea sericea,8,708378.5344248503,9540824.580240764,5.780091423815214,32978.78099442927,4,<= 100 km,100,100000,TRUE
Andinia vestigipetala,8,706351.4824772527,9513755.735252617,13.188100488801608,46709.1796023976,4,<= 100 km,100,100000,TRUE
Arcytophyllum thymifolium,8,702202.367455861,9540806.778381169,5.788994867011471,36204.01912551847,4,<= 100 km,100,100000,TRUE
Austroeupatorium inulaefolium,8,704531.659909988,9541962.168655291,7.483965007039152,34114.318003954,4,<= 100 km,100,100000,TRUE
Bothriochloa saccharoides,8,707733.8707462805,9542560.420566075,4.339671475605216,66027.25629571528,4,<= 100 km,100,100000,TRUE
Cacosmia rugosa,8,699671.4418170601,9553503.564201111,8.565080624906098,32532.869387511273,4,<= 100 km,100,100000,TRUE
Calceolaria microbefaria,8,708697.7913632618,9538183.201698165,7.082304374016106,78149.78705150394,4,<= 100 km,100,100000,TRUE
Chusquea perligulata,8,705743.9610517783,9505507.03863684,5.383391262759685,20250.00189860021,4,<= 100 km,100,100000,TRUE
Cybianthus schlimii,8,758084.7105520477,9523001.439958625,4.700444659830051,6909.892366811661,4,<= 100 km,100,100000,TRUE
Dendrexetastes rufigula,8,761309.0200863271,9537252.572319454,7.502829696745736,58115.98393302905,4,<= 100 km,100,100000,TRUE
Didelphis pernigra,8,701750.9379201834,9535296.913378233,8.857494835524351,77990.37876553928,4,<= 100 km,100,100000,TRUE
Dodonaea viscosa,8,700618.9333241977,9530968.764444247,7.879280770166174,45935.925661081434,4,<= 100 km,100,100000,TRUE
Eleocharis sellowiana,8,702400.1136439439,9562038.520491906,9.564132234881045,56015.90279855554,4,<= 100 km,100,100000,TRUE
Epidendrum elleanthoides,8,706049.1860279934,9523867.07221638,7.907343107472059,37577.639805526145,4,<= 100 km,100,100000,TRUE
Eugenia egensis,8,715777.6162409285,9525059.351990407,5.638592632756585,75830.97820484947,4,<= 100 km,100,100000,TRUE
Glossoloma altescandens,8,705403.8246296926,9515100.814045161,8.388320701559357,33414.081631462825,4,<= 100 km,100,100000,TRUE
Histiopteris incisa,8,708329.0931026699,9540190.57788136,6.729286753886315,33439.12188357547,4,<= 100 km,100,100000,TRUE
Hypolepis parallelogramma,8,721480.8415205856,9511381.706679111,5.246517335854725,65436.54543277641,4,<= 100 km,100,100000,TRUE
Ilex ovalis,8,736439.8594796187,9572141.129751556,4.162673763232745,48997.76857685694,4,<= 100 km,100,100000,TRUE
Lellingeria major,8,709401.3105866945,9547336.773326378,7.404375939217027,39530.67422194184,4,<= 100 km,100,100000,TRUE
Lepanthes otara,8,705969.7282070353,9533533.836788263,8.152567728569863,24814.0702909591,4,<= 100 km,100,100000,TRUE
Leptodactylus pentadactylus,8,771264.7218353761,9617755.275560966,389.72574881936924,2943.6996555967007,4,<= 100 km,100,100000,TRUE
Lysipomia laricina,8,704358.3823512575,9546331.755571729,4.175143139771776,8123.796397892796,4,<= 100 km,100,100000,TRUE
Macrocarpaea arborescens,8,703359.0925615486,9544562.3561501,13.950678326144049,29618.17833027819,4,<= 100 km,100,100000,TRUE
Mallomus NA,8,708684.7072167128,9548774.535034161,4.257021306633944,33775.93274753182,4,<= 100 km,100,100000,TRUE
Masdevallia parvula,8,706165.4341148449,9530820.485654127,11.418710259809215,34023.327701931805,4,<= 100 km,100,100000,TRUE
Maxillaria nutans,8,709407.5392764648,9548473.159052864,5.294885136935583,37630.30349388374,4,<= 100 km,100,100000,TRUE
Miconia dissimulans,8,703463.2731368842,9555307.799405145,6.99049357426253,30734.035047800688,4,<= 100 km,100,100000,TRUE
Monnina decurrens,8,705626.9629681546,9549590.531094998,7.04123293487656,41902.92017549435,4,<= 100 km,100,100000,TRUE
Omura congrua,8,761672.2989374973,9552204.295317901,12.99961152434375,42650.23921792799,4,<= 100 km,100,100000,TRUE
Paepalanthus pilosus,8,707037.8306840304,9519226.36335389,4.7866859666784025,25380.47183269161,4,<= 100 km,100,100000,TRUE
Palicourea cenepensis,8,760298.219457142,9533924.248656321,12.253718972802114,53237.69382040914,4,<= 100 km,100,100000,TRUE
Panyptila cayennensis,8,760924.3315526326,9537529.536514584,6.3065793548345015,38363.41577865638,4,<= 100 km,100,100000,TRUE
Passiflora monadelpha,8,709566.355021175,9542882.776624268,4.758694631982449,38121.536649961396,4,<= 100 km,100,100000,TRUE
Pentacalia lanceolifolia,8,712733.518221419,9512024.652166044,4.0070889691670235,65685.73432029427,4,<= 100 km,100,100000,TRUE
Pentacalia riotintis,8,710047.979557679,9540519.055645285,6.281192985994306,36286.20059899834,4,<= 100 km,100,100000,TRUE
Peperomia rhexiifolia,8,710044.8758537996,9533777.71093389,5.972002018686637,34731.960049189314,4,<= 100 km,100,100000,TRUE
Piper brevispicum,8,707060.0364299092,9538755.744710883,5.411638609948938,87808.34438800084,4,<= 100 km,100,100000,TRUE
Puya cuevae,8,707895.1849677226,9522440.116577871,8.106019830405717,29777.580203953727,4,<= 100 km,100,100000,TRUE
Selaginella arthritica,8,726850.5100405486,9552981.291705275,11.490918192836286,45139.63800839374,4,<= 100 km,100,100000,TRUE
Solanum oblongifolium,8,698812.0170779107,9554065.571741128,5.575006507536874,12931.812728997222,4,<= 100 km,100,100000,TRUE
Solanum ochranthum,8,704157.8578093813,9529538.280298099,4.431930097788733,33481.41767943463,4,<= 100 km,100,100000,TRUE
Solanum sisymbriifolium,8,700281.6377401286,9554468.457901962,7.368129230410491,21496.42735457495,4,<= 100 km,100,100000,TRUE
Sporobolus bogotensis,8,700707.3276563257,9545269.94602895,6.50026868263974,30142.659884904017,4,<= 100 km,100,100000,TRUE
Stelis purpurea,8,709352.1448510642,9515752.335868089,5.0855517605969505,45640.86687689699,4,<= 100 km,100,100000,TRUE
Stenomesson ecuadorense,8,715134.205278055,9500298.392532965,6.136222213547467,21528.623338166533,4,<= 100 km,100,100000,TRUE
Swartzia simplex,8,760245.5875034895,9524758.207144966,4.873865620369754,20297.191679842294,4,<= 100 km,100,100000,TRUE
Telipogon ionopogon,8,704966.4082361149,9525488.18166875,11.547681335750427,27063.313703123502,4,<= 100 km,100,100000,TRUE
Trichomanes lambertianum,8,705751.3681596684,9541616.304702919,8.399193983745956,31933.06248500161,4,<= 100 km,100,100000,TRUE
Vriesea boeghii,8,704213.723742611,9542902.363087166,4.532099383956285,28074.615910877932,4,<= 100 km,100,100000,TRUE
Xanthyris flaveolata,8,764411.0166093021,9558522.425857337,7.489008001429884,57178.116426070694,4,<= 100 km,100,100000,TRUE
Atractus carrioni,9,701760.1765941088,9550590.090413805,6.125372509258487,33030.69952386365,4,<= 100 km,100,100000,TRUE
Callianthe picta,9,704454.1724112727,9528370.53856655,9.060836411426592,32069.289400624515,4,<= 100 km,100,100000,TRUE
Centropogon hartwegii,9,705090.4571978,9535640.524909982,5.32344986284927,22087.43964224468,4,<= 100 km,100,100000,TRUE
Ceratostema alatum,9,706711.6457816283,9543078.457729524,6.732226174536059,73560.39321682978,4,<= 100 km,100,100000,TRUE
Chaetura egregia,9,762254.2105733847,9543376.655528842,9.899171120450568,51925.662016858776,4,<= 100 km,100,100000,TRUE
Cortaderia nitida,9,705412.9934204577,9564049.134805026,5.146962159473503,74703.37715870129,4,<= 100 km,100,100000,TRUE
Dendrophorbium scytophyllum,9,702206.5947923564,9538696.124129457,4.435254100547765,31077.06665920716,4,<= 100 km,100,100000,TRUE
Elzunia pavonii,9,700155.5003871946,9539606.660878597,5.713649244930208,44656.92573185377,4,<= 100 km,100,100000,TRUE
Epidendrum jamiesonis,9,705951.7221069928,9531425.323493617,9.58989433766325,29927.356914670418,4,<= 100 km,100,100000,TRUE
Glossoloma herthae,9,707066.3630295353,9505508.873016734,6.334660940334164,11715.260253117478,4,<= 100 km,100,100000,TRUE
Gomphichis goodyeroides,9,705817.4709910617,9535464.235201046,5.537822665903709,29529.871283975288,4,<= 100 km,100,100000,TRUE
Heliconius himera,9,700884.081995747,9539601.703637643,7.356986891651234,26323.010250172374,4,<= 100 km,100,100000,TRUE
Hyloscirtus hillisi,9,790716.8356965852,9610664.302065471,24.81599671238307,1507.62001693369,4,<= 100 km,100,100000,TRUE
Iochroma arborescens,9,708110.9562068135,9528603.126384635,5.115232487109803,83700.66551323143,4,<= 100 km,100,100000,TRUE
Liabum igniarium,9,705180.8238697553,9542545.347431771,5.479279397799305,53559.74540663075,4,<= 100 km,100,100000,TRUE
Macrocarpaea innarrabilis,9,761045.1716006319,9526948.971925354,6.472209749944564,24690.969805922385,4,<= 100 km,100,100000,TRUE
Marcgravia brownei,9,734389.7052973633,9515900.469565853,8.236350873091446,60436.730538565986,4,<= 100 km,100,100000,TRUE
Maxillaria pinoides,9,706775.625714881,9540562.228939947,4.404196255825575,26062.647193156386,4,<= 100 km,100,100000,TRUE
Meriania franciscana,9,715948.195498621,9548210.12557986,5.472813719451512,101560.1563807134,4,<= 100 km,100,100000,TRUE
Miconia imitans,9,727498.434555138,9537612.413844882,4.16279557202635,9341.586110751321,4,<= 100 km,100,100000,TRUE
Monnina cestrifolia,9,705790.955943194,9543349.523171049,9.455911043674337,35506.68711853728,4,<= 100 km,100,100000,TRUE
Myrcia bracteata,9,770460.5292319477,9595476.39320788,7.335476621035834,22844.913908990107,4,<= 100 km,100,100000,TRUE
Myrcia pulchella,9,710333.2979153327,9543492.214440122,7.9001911780218,39041.402602288144,4,<= 100 km,100,100000,TRUE
Ocellochloa pulchellum,9,728367.6664160755,9531376.781782726,40.98926702866323,65968.2464355484,4,<= 100 km,100,100000,TRUE
Oenocarpus mapora,9,765251.0793074225,9555695.727087554,5.848916115175787,48717.86120243094,4,<= 100 km,100,100000,TRUE
Oleria padilla,9,700103.3238623099,9551539.211095082,5.52730854235511,8651.134947733262,4,<= 100 km,100,100000,TRUE
Oreanthes hypogaeus,9,706787.8010601233,9531946.102355687,6.974949088347986,28593.876384156396,4,<= 100 km,100,100000,TRUE
Paramastax annulipes,9,698720.9103638676,9548186.120016143,5.976617222189069,20704.60016556092,4,<= 100 km,100,100000,TRUE
Pardirallus sanguinolentus,9,698562.0163431177,9550826.771617433,5.096041866088258,18933.885301637718,4,<= 100 km,100,100000,TRUE
Peperomia acuminata,9,704219.2813974754,9537761.787688157,6.38189546306352,37363.88286726346,4,<= 100 km,100,100000,TRUE
Peperomia cotyledon,9,713726.7483136663,9565105.9931225,11.445213927402873,37964.32561651656,4,<= 100 km,100,100000,TRUE
Pilea microphylla,9,710138.9281459948,9520914.600415276,4.25031891238775,71653.64640078298,4,<= 100 km,100,100000,TRUE
Rhaphiolepis japonica,9,700113.2009781769,9546911.893197117,6.332216989919101,61566.41686136693,4,<= 100 km,100,100000,TRUE
Rubus rosifolius,9,705978.3272175256,9509644.930682441,11.931190355646924,52977.59479873537,4,<= 100 km,100,100000,TRUE
Scinax cruentomma,9,770638.8847536113,9591926.650738154,5.313324786924792,83840.62131856038,4,<= 100 km,100,100000,TRUE
Steiractinia sodiroi,9,698294.1652150507,9544098.848918466,14.073355368777667,90109.57703675862,4,<= 100 km,100,100000,TRUE
Stelis truncata,9,703591.6943338305,9513014.339598348,8.388959743876342,54153.82799430439,4,<= 100 km,100,100000,TRUE
Vochysia gigantea,9,729469.8648213418,9522909.903488934,7.2578848573106995,63312.149706286495,4,<= 100 km,100,100000,TRUE
Aiphanes verrucosa,10,710659.2859021073,9543620.239877945,4.468415415026098,41258.04123361627,4,<= 100 km,100,100000,TRUE
Andinia schizopogon,10,704957.5549186007,9512665.089921258,7.916542373652273,46095.99430325772,4,<= 100 km,100,100000,TRUE
Anthurium clavigerum,10,783431.697210765,9603642.990336668,8.242112154188716,24294.219115513864,4,<= 100 km,100,100000,TRUE
Aulonemia hirtula,10,707420.5970423305,9518921.359709067,12.992952398253944,40617.05550088261,4,<= 100 km,100,100000,TRUE
Cinnagrostis rupestris,10,707416.0819986255,9538051.477034202,5.078950418296775,40968.77929692687,4,<= 100 km,100,100000,TRUE
Conirostrum cinereum,10,703262.9297092535,9552726.18833757,4.9005376597330335,52115.22628549637,4,<= 100 km,100,100000,TRUE
Conocephalus versicolor,10,765097.2485035773,9577389.94398034,5.21757390750422,47821.69935423864,4,<= 100 km,100,100000,TRUE
Desmodium vargasianum,10,699393.9744253131,9541109.20657182,9.058608913563875,36967.17345581035,4,<= 100 km,100,100000,TRUE
Dione glycera,10,701979.0408594726,9545284.824888255,11.238408394120142,40122.91133490674,4,<= 100 km,100,100000,TRUE
Diplazium lindbergii,10,721985.463477774,9514677.284627797,4.240327673538466,69741.14891446252,4,<= 100 km,100,100000,TRUE
Eriocaulon microcephalum,10,706722.7468419374,9526528.176373608,15.188322885857389,78525.38730392678,4,<= 100 km,100,100000,TRUE
Graffenrieda gracilis,10,729489.2615368178,9565571.730065346,5.926989506561751,23788.675439182316,4,<= 100 km,100,100000,TRUE
Hieracium lagopus,10,708346.4411248369,9532892.377843585,23.462098662689424,26965.431745892656,4,<= 100 km,100,100000,TRUE
Jamesonia hirtus,10,700846.1475409304,9538167.257712806,4.023132822365283,30942.139996287642,4,<= 100 km,100,100000,TRUE
Leptodontium viticulosoides,10,707638.7145389774,9549349.06797146,5.0733902508911655,39523.24577881886,4,<= 100 km,100,100000,TRUE
Lycopodiella matthewsii,10,710298.9640021498,9538573.593705764,5.679306164749241,73181.2989973735,4,<= 100 km,100,100000,TRUE
Mesosphaerum eriocephalum,10,699281.4528643005,9560757.162858605,4.1964798032569055,13736.716528382707,4,<= 100 km,100,100000,TRUE
Monstera deliciosa,10,699749.5341182268,9554452.59341606,4.113732103668753,7808.75408738793,4,<= 100 km,100,100000,TRUE
Ocotea brevipetiolata,10,707589.9863232465,9546576.012319047,4.811859368711013,38709.25715907817,4,<= 100 km,100,100000,TRUE
Orthaea fimbriata,10,702357.9748011549,9538685.714489158,4.008901990844416,39764.77166434991,4,<= 100 km,100,100000,TRUE
Ourisia chamaedrifolia,10,709390.5871007408,9514665.554220337,4.144656709619493,1763.6133302791454,4,<= 100 km,100,100000,TRUE
Phlegmariurus eversus,10,706577.9358952198,9513425.02168078,11.342723372689534,44583.27517944193,4,<= 100 km,100,100000,TRUE
Pilopogon longirostratus,10,709719.8968940489,9552548.004526181,7.188114919775755,63418.200191620344,4,<= 100 km,100,100000,TRUE
Pristimantis muranunka,10,743223.3649313014,9495707.378831124,7.447267391683309,48286.33720506327,4,<= 100 km,100,100000,TRUE
Rhynchospora lechleri,10,706256.6408130272,9532610.785899699,9.3028639800119,28930.26987863694,4,<= 100 km,100,100000,TRUE
Solanum habrochaites,10,700384.304807825,9546718.762874525,7.56230127755697,32187.65839337906,4,<= 100 km,100,100000,TRUE
Sphaenognathus giganteus,10,704139.9272055014,9536863.360264212,5.84921533272261,40174.795506737064,4,<= 100 km,100,100000,TRUE
Valeriana chaerophylloides,10,709875.1942853078,9553913.55639053,9.65018297243676,52263.167154549476,4,<= 100 km,100,100000,TRUE
Bromus pitensis,11,710777.8827600222,9556958.637290036,4.281206929164876,67955.00610321303,4,<= 100 km,100,100000,TRUE
Calceolaria mexicana,11,707570.8069553532,9539389.336354597,4.330641404425333,35276.47880293925,4,<= 100 km,100,100000,TRUE
Catamenia analis,11,704935.3311767089,9543552.443353802,6.66719502304412,60832.933930541614,4,<= 100 km,100,100000,TRUE
Centropogon comosus,11,705006.5487478699,9534542.733805278,5.513471081732873,44931.698338986804,4,<= 100 km,100,100000,TRUE
Cyclospermum leptophyllum,11,701604.5262028254,9547422.421531372,4.1226081856593,86107.65723317717,4,<= 100 km,100,100000,TRUE
Cyrtochilum aureum,11,693391.1018530868,9510171.882598959,4.11049178484603,95682.5674627173,4,<= 100 km,100,100000,TRUE
Foeniculum vulgare,11,700257.5490864452,9540426.399622746,10.670442282975152,90534.30826116941,4,<= 100 km,100,100000,TRUE
Frangula granulosa,11,708180.2351024161,9544624.804354038,4.161484244431339,57943.501404045106,4,<= 100 km,100,100000,TRUE
Fuchsia summa,11,707964.616710938,9523220.783285145,5.257984300452272,21747.716357659378,4,<= 100 km,100,100000,TRUE
Greta andromica,11,706017.1302857138,9555228.023387847,6.15912480760655,42943.15292302926,4,<= 100 km,100,100000,TRUE
Hedyosmum cumbalense,11,704939.8983656912,9544574.877813868,9.420672985363678,51452.88965120989,4,<= 100 km,100,100000,TRUE
Hydrocotyle tambalomaensis,11,705542.3826241462,9523239.964112705,8.18745971031134,25300.91309579591,4,<= 100 km,100,100000,TRUE
Miconia loxensis,11,708709.8123749159,9540974.314019201,6.382976306442862,37644.0449525242,4,<= 100 km,100,100000,TRUE
Monnina subscandens,11,707638.5567607234,9550871.70197505,4.505560453619948,45240.00557308913,4,<= 100 km,100,100000,TRUE
Neda norrisi,11,701717.0986515555,9549393.922648685,5.950678150407484,46390.75518894691,4,<= 100 km,100,100000,TRUE
Paspalum candidum,11,707439.2414005053,9553100.794804128,4.886289974654269,64592.00268113682,4,<= 100 km,100,100000,TRUE
Paspalum prostratum,11,707147.5887482705,9524558.879395435,7.677829020092575,79981.48583222761,4,<= 100 km,100,100000,TRUE
Passiflora exoperculata,11,699764.7327795468,9526849.647921026,11.18762721987147,69177.89185111105,4,<= 100 km,100,100000,TRUE
Passiflora viridescens,11,702529.2868650203,9542776.449468318,6.048345229295841,39818.66798373271,4,<= 100 km,100,100000,TRUE
Piper carpunya,11,714808.8901347311,9526866.617986772,4.462701708266857,80768.7824858283,4,<= 100 km,100,100000,TRUE
Rubus loxensis,11,709560.0372576939,9532401.235208724,6.977367967858441,71289.80627704595,4,<= 100 km,100,100000,TRUE
Solanum juglandifolium,11,712098.8379133487,9560233.305072114,4.412973064695622,6416.660595902013,4,<= 100 km,100,100000,TRUE
Trichomanes pellucens,11,760264.7937109568,9529969.744071303,5.359441917917045,14295.954506270062,4,<= 100 km,100,100000,TRUE
Viburnum pichinchense,11,707058.7006448318,9550106.136138275,6.172823228534157,63497.77869535822,4,<= 100 km,100,100000,TRUE
Amauropelta pusilla,12,706394.3637152907,9520922.794495847,7.035117412459927,38250.331983053184,4,<= 100 km,100,100000,TRUE
Anthurium sagittatum,12,767170.1811205386,9563535.1143002,4.8578131708600845,64963.9578957745,4,<= 100 km,100,100000,TRUE
Brachyotum russatum,12,706908.726414089,9520675.48750185,4.904969109409649,25726.832849667717,4,<= 100 km,100,100000,TRUE
Buddleja americana,12,706648.140393781,9499854.348173078,4.6715998281663635,77299.7368488566,4,<= 100 km,100,100000,TRUE
Byrsonima homeieri,12,714123.9459717135,9556619.824534683,31.179920590867333,51293.045970663574,4,<= 100 km,100,100000,TRUE
Centaurium erythraea,12,705261.3820928807,9552791.749715442,5.829892674901965,57190.24482444955,4,<= 100 km,100,100000,TRUE
Dendrophthora dalstroemii,12,706894.7127617802,9545622.09358557,5.271071055909353,34636.87107442337,4,<= 100 km,100,100000,TRUE
Deprea ecuatoriana,12,707815.5413977122,9530195.246277692,4.337483744457742,28915.439424033837,4,<= 100 km,100,100000,TRUE
Dicksonia sellowiana,12,706448.7200314895,9530730.394921195,4.889344536462556,55140.896884375754,4,<= 100 km,100,100000,TRUE
Jacamerops aureus,12,761841.9505545717,9545014.111694418,7.39118098616454,45850.66219713,4,<= 100 km,100,100000,TRUE
Lachemilla orbiculata,12,702489.8866812594,9539431.99045266,5.19690026851432,35353.278171195845,4,<= 100 km,100,100000,TRUE
Masdevallia macropus,12,705861.2424579774,9514916.254784979,8.264736514211085,33626.05429119051,4,<= 100 km,100,100000,TRUE
Masdevallia rosea,12,706348.8341013987,9526222.647155948,9.104176165537336,35205.654447002096,4,<= 100 km,100,100000,TRUE
Mikania harlingii,12,705968.0951113725,9549198.379580978,9.409077115501086,41397.61163861339,4,<= 100 km,100,100000,TRUE
Munnozia nivea,12,707140.4994276935,9514543.090409715,7.059216341530837,34082.77206884997,4,<= 100 km,100,100000,TRUE
Mycopteris semihirsuta,12,704352.4584475239,9531005.176837418,10.110321904000491,28495.080479112275,4,<= 100 km,100,100000,TRUE
Ocotea bofo,12,725047.8583171802,9488881.719243327,4.130035607824075,43840.672662970195,4,<= 100 km,100,100000,TRUE
Phlegmariurus campianus,12,706623.4323670365,9518985.564494163,10.299368914924653,42406.48856619132,4,<= 100 km,100,100000,TRUE
Phlegmariurus eversa,12,706135.5822048136,9522498.46868025,10.251865623818968,38841.94096214329,4,<= 100 km,100,100000,TRUE
Phlegmariurus loxensis,12,706140.8591837105,9535757.68312032,8.787810507117726,27922.09187508125,4,<= 100 km,100,100000,TRUE
Phlegmariurus sarmentosa,12,706614.379028739,9542899.093722923,4.758536058851291,35164.92438629686,4,<= 100 km,100,100000,TRUE
Psychotria montivaga,12,717826.998241857,9529493.933788378,5.946110109645385,45701.897176445374,4,<= 100 km,100,100000,TRUE
Saracha punctata,12,706469.6731879768,9529020.807862848,6.550020008833033,21162.80294700218,4,<= 100 km,100,100000,TRUE
Sticherus lechleri,12,707694.9566441239,9547538.537428522,4.918614380387499,39737.95272972741,4,<= 100 km,100,100000,TRUE
Symbolanthus calygonus,12,705974.2528843319,9529269.580077587,7.257749132065359,32153.44157730012,4,<= 100 km,100,100000,TRUE
Ternstroemia macrocarpa,12,705203.7525090803,9541608.499480205,14.706336881135433,38308.99085434308,4,<= 100 km,100,100000,TRUE
Zinowiewia madsenii,12,710747.6985397466,9546381.813346889,10.887447171792562,36514.9067285991,4,<= 100 km,100,100000,TRUE
Alloplectus hispidus,13,703792.2823204908,9541141.143881403,8.707235667855564,37950.598513127436,4,<= 100 km,100,100000,TRUE
Anthurium pulchrum,13,705632.063292232,9545799.370889267,4.168653923398332,37959.348200108536,4,<= 100 km,100,100000,TRUE
Begonia buddleiifolia,13,766467.1472932886,9540907.77797677,4.070202533088843,68217.8487005368,4,<= 100 km,100,100000,TRUE
Cyathea heliophila,13,707141.6994280427,9530608.999457305,10.023040853913466,30773.904391104097,4,<= 100 km,100,100000,TRUE
Ficus cuatrecasasiana,13,726723.3457805789,9531837.11689176,4.104950106160527,76881.83722360128,4,<= 100 km,100,100000,TRUE
Fuchsia loxensis,13,705941.5911594365,9538064.008204017,6.974047865177503,66625.24408949888,4,<= 100 km,100,100000,TRUE
Ilex rimbachii,13,708404.6430615683,9535243.488480214,5.282437149646396,32825.301855981525,4,<= 100 km,100,100000,TRUE
Macrocarpaea luna-gentiana,13,707663.3504987308,9527351.172099948,8.565858571412166,31466.858720495627,4,<= 100 km,100,100000,TRUE
Pedaliodes pelinna,13,706425.7133031766,9524878.29507575,5.771119108200101,42978.67091249605,4,<= 100 km,100,100000,TRUE
Peperomia tetraphylla,13,709330.4596306754,9531222.781627212,7.193288668929639,54089.61916958578,4,<= 100 km,100,100000,TRUE
Phlegmariurus campiana,13,706329.574396791,9528003.23723247,9.83116432345027,33432.425022467265,4,<= 100 km,100,100000,TRUE
Rhynchospora vulcani,13,705137.0657930617,9541134.259206142,4.408459417167297,34236.13549045492,4,<= 100 km,100,100000,TRUE
Vachellia macracantha,13,699666.1717457125,9538116.662896736,9.950444596142853,82184.80640386646,4,<= 100 km,100,100000,TRUE
Ceroxylon vogelianum,14,707715.7500682205,9536928.031640155,7.267164943538295,61884.387473773044,4,<= 100 km,100,100000,TRUE
Cissampelos andromorpha,14,777920.3857885832,9575119.718358032,4.020866950657082,71624.1735663096,4,<= 100 km,100,100000,TRUE
Cissampelos grandifolia,14,763962.4097736848,9562538.190022385,5.9269910491290725,58236.63464301806,4,<= 100 km,100,100000,TRUE
Dendrophthora dodsonii,14,700867.144280572,9544622.753974162,6.456413992827203,38846.17270746426,4,<= 100 km,100,100000,TRUE
Graffenrieda penneysii,14,711346.7380434836,9545922.165952343,10.343324594942844,43416.693336371995,4,<= 100 km,100,100000,TRUE
Macrocarpaea angelliae,14,704871.6502207393,9508269.864776796,5.369766061944341,49953.7519940116,4,<= 100 km,100,100000,TRUE
Macrocarpaea ovalis,14,705658.820560693,9544530.06905419,9.453833201100625,60673.56691614453,4,<= 100 km,100,100000,TRUE
Melpomene wolfii,14,708192.3014757378,9544183.675311513,6.2945840184258195,41363.02042084988,4,<= 100 km,100,100000,TRUE
Miconia hirta,14,722943.5504856133,9539149.586681595,4.594828799275718,77180.68665668576,4,<= 100 km,100,100000,TRUE
Nicandra physalodes,14,699233.4338304723,9557184.62454628,4.175315482242775,8345.490416468256,4,<= 100 km,100,100000,TRUE
Oxalis integra,14,705498.7420456889,9530819.997685172,8.43913017649244,37650.90945458967,4,<= 100 km,100,100000,TRUE
Potentilla indica,14,700264.8728331841,9551938.828998098,4.918895647150146,19785.126068123653,4,<= 100 km,100,100000,TRUE
Styrax foveolaria,14,702946.3256449733,9544789.505607251,7.071142102446318,29843.958628674736,4,<= 100 km,100,100000,TRUE
Anthurium dombeyanum,15,707688.4430004472,9518620.086852154,4.545566651437657,69486.06403815399,4,<= 100 km,100,100000,TRUE
Cecropia angustifolia,15,718678.5096419469,9527114.947921423,4.233247980993365,80307.38698196015,4,<= 100 km,100,100000,TRUE
Coix lacryma-jobi,15,755769.3109780948,9575394.194646882,4.0319823394050465,60157.712280009204,4,<= 100 km,100,100000,TRUE
Oreopanax rosei,15,700548.2568945135,9543041.63384547,7.650999070409069,44441.96499772295,4,<= 100 km,100,100000,TRUE
Chusquea uniflora,16,705205.6025337718,9522350.033209493,4.418420193252303,38018.37749563857,4,<= 100 km,100,100000,TRUE
Gaultheria strigosa,16,706531.9814584006,9537841.914182277,6.641021605017857,23857.674649841254,4,<= 100 km,100,100000,TRUE
Gynoxys azuayensis,16,704312.3048582788,9539473.43210116,5.117708228412535,72944.23055664283,4,<= 100 km,100,100000,TRUE
Hieracium sodiroanum,16,705517.5231417457,9553620.607786074,4.673168600569121,27386.09178298891,4,<= 100 km,100,100000,TRUE
Hyloxalus cevallosi,16,761204.7177311829,9534838.995933058,10.50060281074397,43913.858038641665,4,<= 100 km,100,100000,TRUE
Lachemilla pectinata,16,706411.877467519,9535076.048638277,5.258333992876276,59203.58935556184,4,<= 100 km,100,100000,TRUE
Loxsomopsis pearcei,16,708290.1314527207,9555336.078785304,7.020879518512566,56364.50521675155,4,<= 100 km,100,100000,TRUE
Melilotus albus,16,699180.5670231932,9556174.98904577,4.747422253842338,9076.197059016318,4,<= 100 km,100,100000,TRUE
Neonelsonia acuminata,16,704432.9906654168,9539093.158928704,5.205100643375199,36112.35255128875,4,<= 100 km,100,100000,TRUE
Pachyramphus homochrous,16,700594.7671121911,9544148.886369934,4.088346445456695,29371.568421847744,4,<= 100 km,100,100000,TRUE
Peperomia rotundata,16,705006.167424022,9548483.778006623,4.0188771130625485,81342.25823586558,4,<= 100 km,100,100000,TRUE
Pholidobolus hillisi,16,711443.6728777057,9530857.988848127,7.3612853868621935,34259.04008606047,4,<= 100 km,100,100000,TRUE
Pristimantis cajamarcensis,16,701928.7854261976,9545759.683896452,13.68161653912541,62303.01125075894,4,<= 100 km,100,100000,TRUE
Rubus nubigenus,16,705333.1658407212,9519740.33566299,5.366232849910225,55267.03712003741,4,<= 100 km,100,100000,TRUE
Hypericum lancioides,17,707056.5106463016,9542093.561293572,6.206315683234702,74484.18332882556,4,<= 100 km,100,100000,TRUE
Jamesonia rufescens,17,707346.3153649105,9545214.695914809,4.423859699614781,40902.61380626314,4,<= 100 km,100,100000,TRUE
Meriania loxensis,17,708142.4345104711,9521176.55804823,6.2487112582302045,40234.46884877955,4,<= 100 km,100,100000,TRUE
Oreopanax trifidus,17,706233.4095190791,9538380.23270071,9.672343490394294,34814.06489526723,4,<= 100 km,100,100000,TRUE
Deprea toledoana,18,705534.2254503488,9513908.200574622,10.519687584670518,40046.909988399275,4,<= 100 km,100,100000,TRUE
Geranium sibbaldioides,18,708409.474037203,9542333.453322135,6.763685956209231,62507.53908857764,4,<= 100 km,100,100000,TRUE
Jamesonia cheilanthoides,18,706217.0699112439,9553838.486165108,5.812466152952772,52219.66281949758,4,<= 100 km,100,100000,TRUE
Palicourea subtomentosa,18,709199.186686789,9547131.083712785,7.79256874917596,46640.006747655374,4,<= 100 km,100,100000,TRUE
Piper barbatum,18,703605.7818297127,9548352.695163082,4.750675437557027,31311.94745050896,4,<= 100 km,100,100000,TRUE
Pristimantis pramukae,18,789998.5968969526,9610665.514174921,9.2387958864535,2335.576925069386,4,<= 100 km,100,100000,TRUE
Pteroglossus inscriptus,18,760496.845217066,9526938.556638226,12.060487364133015,38064.32253250698,4,<= 100 km,100,100000,TRUE
Ruagea hirsuta,18,704535.58221482,9537954.33018645,5.407537400755731,35229.58225374278,4,<= 100 km,100,100000,TRUE
Callimedusa tomopterna,19,771722.6623310281,9604222.3579202,4.551622847899861,83349.71940704613,4,<= 100 km,100,100000,TRUE
Kohleria affinis,19,705907.6322582706,9537849.972951267,4.080770256923392,35016.46639590194,4,<= 100 km,100,100000,TRUE
Mimosa albida,19,700747.3282590696,9543606.751175297,6.933113498722128,32369.69882637361,4,<= 100 km,100,100000,TRUE
Persea brevipes,19,707010.3656879467,9541445.503875716,6.71009895688271,75132.18544806787,4,<= 100 km,100,100000,TRUE
Solanum macrotonum,19,708328.4705851132,9555528.349334924,5.570637032003097,51428.0781937736,4,<= 100 km,100,100000,TRUE
Crypturellus cinereus,20,761203.6720348154,9555786.941211542,5.936715345581881,56483.27217509147,4,<= 100 km,100,100000,TRUE
Iodopleura isabellae,20,760903.709057464,9526539.086497858,4.8444314438676805,9909.929010850468,4,<= 100 km,100,100000,TRUE
Leonotis nepetifolia,20,699751.9196460801,9551434.655936375,6.1455197465947355,49165.12800620367,4,<= 100 km,100,100000,TRUE
Ocotea rotundata,20,705482.3746316892,9533233.495406538,4.543920230562069,33697.60258254401,4,<= 100 km,100,100000,TRUE
Palicourea apicata,20,708930.4973365341,9525468.706159387,4.446523310882502,56772.617665006,4,<= 100 km,100,100000,TRUE
Cotinga cayana,21,762065.7076422112,9543826.337811753,8.403671256176386,51498.871499768815,4,<= 100 km,100,100000,TRUE
Epidendrum fimbriatum,21,708886.1997794388,9556735.52926589,4.227686133585411,49160.63535608736,4,<= 100 km,100,100000,TRUE
Piculus leucolaemus,21,760671.2348424405,9527530.051721076,9.10968400055758,20424.4192107467,4,<= 100 km,100,100000,TRUE
Geissanthus andinus,22,706692.3610168287,9547567.473188426,6.7460626874289895,69128.27793999127,4,<= 100 km,100,100000,TRUE
Geranium loxense,22,706624.8536440538,9530526.911186688,5.414205471468591,23550.718747476607,4,<= 100 km,100,100000,TRUE
Miconia corymbiformis,22,707609.7078618795,9539109.271557577,4.25405029519651,77364.66039481448,4,<= 100 km,100,100000,TRUE
Miconia lutescens,22,698947.309344308,9544981.67455046,4.824432968839042,33818.62426017078,4,<= 100 km,100,100000,TRUE
Chusquea loxensis,23,706425.5920452373,9530688.990571136,4.203601392015383,29616.58463811557,4,<= 100 km,100,100000,TRUE
Deprea psilophyta,23,705955.2165296583,9512212.122984324,13.687049863038231,51048.07564507466,4,<= 100 km,100,100000,TRUE
Miconia namandensis,23,705552.8456455265,9545447.76547558,4.212317739597847,39421.50703709991,4,<= 100 km,100,100000,TRUE
Geothlypis auricularis,24,710327.3499352682,9478778.908004882,4.407294152170145,78043.76087807081,4,<= 100 km,100,100000,TRUE
Lepechinia mutica,24,700146.7970393279,9546034.785396846,4.301770354892614,39701.07438299057,4,<= 100 km,100,100000,TRUE
Miconia micropetala,24,707563.4907149324,9547578.709273927,4.857759379806038,43381.345879216125,4,<= 100 km,100,100000,TRUE
Passiflora sanguinolenta,24,700516.9932852499,9545972.397459088,7.931840776063323,80930.58681970995,4,<= 100 km,100,100000,TRUE
Rubus laegaardii,24,706752.1145028872,9536981.377691807,5.36694534305539,67247.48566447142,4,<= 100 km,100,100000,TRUE
Symplocos quitensis,24,707089.3690036901,9538092.995453866,7.6099491904557794,42462.3594472332,4,<= 100 km,100,100000,TRUE
Amicia glandulosa,25,700169.2704038821,9545777.567611393,5.611785801047233,34601.16676390741,4,<= 100 km,100,100000,TRUE
Cinchona mutisii,25,707591.6505603645,9531579.489386097,6.76278207570899,35418.3771772012,4,<= 100 km,100,100000,TRUE
Passiflora indecora,25,699900.3177415025,9551521.081572538,7.379066897309498,36197.77738887316,4,<= 100 km,100,100000,TRUE
Brachyotum incrassatum,26,707743.7151540266,9517227.422500543,6.757087133047182,31903.182261674996,4,<= 100 km,100,100000,TRUE
Phyllomedusa vaillantii,26,765810.4631546185,9576590.892391857,6.844440468202809,56264.656923457165,4,<= 100 km,100,100000,TRUE
Palicourea lobbii,27,706487.8130505168,9539570.278081017,7.364418876338108,77063.15782460268,4,<= 100 km,100,100000,TRUE
Melanopareia maranonica,28,709797.012697224,9456897.539293736,6.420726006065986,39816.454225256326,4,<= 100 km,100,100000,TRUE
Geissanthus vanderwerffii,30,705302.1964905183,9545727.487371972,5.101871568775898,71174.65939704211,4,<= 100 km,100,100000,TRUE
Meriania maguirei,30,707009.1752386264,9540198.881634314,4.790916654094546,36952.546935978586,4,<= 100 km,100,100000,TRUE
Rubus roseus,30,704428.317540389,9547780.836757528,4.247390871910835,57270.177769422786,4,<= 100 km,100,100000,TRUE
Cantua quercifolia,31,700782.7272466945,9546057.209949952,6.296120962894755,30811.85295271653,4,<= 100 km,100,100000,TRUE
Holcus lanatus,31,701616.5132135482,9551229.355632853,6.766593102050975,81439.69888857535,4,<= 100 km,100,100000,TRUE
Miconia cladonia,33,708157.5509642499,9547044.688247828,4.065084865684177,69427.46721721697,4,<= 100 km,100,100000,TRUE
Palicourea calycina,33,702955.5800979836,9545276.9432106,6.491651313719289,100072.12621506842,4,<= 100 km,100,100000,TRUE
Pristimantis minimus,33,761995.2088806876,9532272.863252696,5.7961047381734705,46091.67229245051,4,<= 100 km,100,100000,TRUE
Weinmannia rollottii,34,706428.4008278592,9539755.975484539,6.841323450850912,76888.15213971338,4,<= 100 km,100,100000,TRUE
Alnus acuminata,35,703067.4245522814,9546053.37625416,4.514239696791779,58337.999465399196,4,<= 100 km,100,100000,TRUE
Chusquea elata,35,707633.8477405978,9544245.145899318,7.396104408035346,89832.55848470457,4,<= 100 km,100,100000,TRUE
Hedyosmum purpurascens,36,704721.0616139008,9549945.111320686,4.606155414970535,43921.32932606459,4,<= 100 km,100,100000,TRUE
Brachyotum benthamianum,37,701360.500511245,9545443.84282306,5.828933445411851,41440.448609022314,4,<= 100 km,100,100000,TRUE
Agrostis perennans,38,707145.2225914395,9536210.36282579,5.203125337482048,76006.00240705007,4,<= 100 km,100,100000,TRUE
Viburnum triphyllum,38,702254.2276000592,9544775.160224307,7.385358202794225,87251.25789170396,4,<= 100 km,100,100000,TRUE
Megascops koepckeae,39,700238.2508116954,9556660.274357747,4.209266639302673,12392.57257517582,4,<= 100 km,100,100000,TRUE
Meriania furvanthera,41,705573.6309002548,9538961.089242838,4.674596541789653,35716.81949880132,4,<= 100 km,100,100000,TRUE
Atlapetes leucopterus,42,705438.241630018,9494663.245044658,4.942938290489775,62902.66292685221,4,<= 100 km,100,100000,TRUE
Pyrocephalus rubinus,42,703871.9689652353,9513455.178761773,4.527522358845619,90495.60127900148,4,<= 100 km,100,100000,TRUE
Oxydia NA,47,714909.3399904284,9551987.534355555,4.206338925458514,88887.28220598906,4,<= 100 km,100,100000,TRUE
Pristimantis lymani,51,702942.7585598937,9527754.982088469,5.368894875614265,74922.34782421128,4,<= 100 km,100,100000,TRUE
Oritrophium peruvianum,52,705862.3024496482,9547572.017907348,4.770904015801953,72187.21140095334,4,<= 100 km,100,100000,TRUE
Muehlenbeckia tamnifolia,55,705948.2504090245,9544315.120025234,5.589650842742443,73723.38330380496,4,<= 100 km,100,100000,TRUE
Synallaxis maranonica,55,710046.5927532122,9461320.249597512,4.600458703616795,60233.622194883974,4,<= 100 km,100,100000,TRUE
Streptosolen jamesonii,67,701265.761465406,9551922.774395496,5.048001924923187,66776.11777610016,4,<= 100 km,100,100000,TRUE
Trifolium repens,80,701212.4834304553,9551027.390454775,4.754906596117271,55192.4225867657,4,<= 100 km,100,100000,TRUE
Dipsas catesbyi,87,770810.6648687626,9610672.273295067,5.459933458299666,83744.12676945102,4,<= 100 km,100,100000,TRUE
